countryName,country,year,value
Austria,AUT,2023,1.32
Austria,AUT,2022,1.41
Austria,AUT,2021,1.48
Austria,AUT,2020,1.44
Austria,AUT,2019,1.46
Austria,AUT,2018,1.47
Austria,AUT,2017,1.52
Austria,AUT,2016,1.53
Austria,AUT,2015,1.49
Austria,AUT,2014,1.46
Austria,AUT,2013,1.44
Austria,AUT,2012,1.44
Austria,AUT,2011,1.43
Austria,AUT,2010,1.44
Austria,AUT,2009,1.39
Austria,AUT,2008,1.42
Austria,AUT,2007,1.38
Austria,AUT,2006,1.41
Austria,AUT,2005,1.41
Austria,AUT,2004,1.42
Austria,AUT,2003,1.38
Austria,AUT,2002,1.39
Austria,AUT,2001,1.33
Austria,AUT,2000,1.36
Austria,AUT,1999,1.34
Austria,AUT,1998,1.37
Austria,AUT,1997,1.39
Austria,AUT,1996,1.45
Austria,AUT,1995,1.42
Austria,AUT,1994,1.47
Austria,AUT,1993,1.5
Austria,AUT,1992,1.51
Austria,AUT,1991,1.51
Austria,AUT,1990,1.46
Austria,AUT,1989,1.45
Austria,AUT,1988,1.45
Austria,AUT,1987,1.43
Austria,AUT,1986,1.45
Austria,AUT,1985,1.47
Austria,AUT,1984,1.52
Austria,AUT,1983,1.56
Austria,AUT,1982,1.66
Austria,AUT,1981,1.67
Austria,AUT,1980,1.65
Austria,AUT,1979,1.6
Austria,AUT,1978,1.6
Austria,AUT,1977,1.63
Austria,AUT,1976,1.69
Austria,AUT,1975,1.83
Austria,AUT,1974,1.91
Austria,AUT,1973,1.94
Austria,AUT,1972,2.08
Austria,AUT,1971,2.2
Austria,AUT,1970,2.29
Austria,AUT,1969,2.49
Austria,AUT,1968,2.58
Austria,AUT,1967,2.62
Austria,AUT,1966,2.66
Austria,AUT,1965,2.7
Austria,AUT,1964,2.79
Austria,AUT,1963,2.82
Austria,AUT,1962,2.8
Austria,AUT,1961,2.78
Austria,AUT,1960,2.69
Belgium,BEL,2023,1.47
Belgium,BEL,2022,1.53
Belgium,BEL,2021,1.6
Belgium,BEL,2020,1.55
Belgium,BEL,2019,1.6
Belgium,BEL,2018,1.62
Belgium,BEL,2017,1.65
Belgium,BEL,2016,1.68
Belgium,BEL,2015,1.7
Belgium,BEL,2014,1.74
Belgium,BEL,2013,1.76
Belgium,BEL,2012,1.8
Belgium,BEL,2011,1.81
Belgium,BEL,2010,1.86
Belgium,BEL,2009,1.84
Belgium,BEL,2008,1.85
Belgium,BEL,2007,1.82
Belgium,BEL,2006,1.8
Belgium,BEL,2005,1.76
Belgium,BEL,2004,1.72
Belgium,BEL,2003,1.67
Belgium,BEL,2002,1.65
Belgium,BEL,2001,1.67
Belgium,BEL,2000,1.67
Belgium,BEL,1999,1.62
Belgium,BEL,1998,1.6
Belgium,BEL,1997,1.6
Belgium,BEL,1996,1.59
Belgium,BEL,1995,1.56
Belgium,BEL,1994,1.56
Belgium,BEL,1993,1.61
Belgium,BEL,1992,1.65
Belgium,BEL,1991,1.66
Belgium,BEL,1990,1.62
Belgium,BEL,1989,1.58
Belgium,BEL,1988,1.57
Belgium,BEL,1987,1.54
Belgium,BEL,1986,1.54
Belgium,BEL,1985,1.51
Belgium,BEL,1984,1.54
Belgium,BEL,1983,1.57
Belgium,BEL,1982,1.61
Belgium,BEL,1981,1.66
Belgium,BEL,1980,1.68
Belgium,BEL,1979,1.69
Belgium,BEL,1978,1.69
Belgium,BEL,1977,1.71
Belgium,BEL,1976,1.73
Belgium,BEL,1975,1.74
Belgium,BEL,1974,1.83
Belgium,BEL,1973,1.95
Belgium,BEL,1972,2.09
Belgium,BEL,1971,2.21
Belgium,BEL,1970,2.25
Belgium,BEL,1969,2.27
Belgium,BEL,1968,2.31
Belgium,BEL,1967,2.41
Belgium,BEL,1966,2.52
Belgium,BEL,1965,2.61
Belgium,BEL,1964,2.71
Belgium,BEL,1963,2.68
Belgium,BEL,1962,2.59
Belgium,BEL,1961,2.63
Belgium,BEL,1960,2.54
Bulgaria,BGR,2023,1.81
Bulgaria,BGR,2022,1.78
Bulgaria,BGR,2021,1.8
Bulgaria,BGR,2020,1.77
Bulgaria,BGR,2019,1.79
Bulgaria,BGR,2018,1.73
Bulgaria,BGR,2017,1.71
Bulgaria,BGR,2016,1.67
Bulgaria,BGR,2015,1.64
Bulgaria,BGR,2014,1.62
Bulgaria,BGR,2013,1.54
Bulgaria,BGR,2012,1.5
Bulgaria,BGR,2011,1.51
Bulgaria,BGR,2010,1.57
Bulgaria,BGR,2009,1.66
Bulgaria,BGR,2008,1.56
Bulgaria,BGR,2007,1.49
Bulgaria,BGR,2006,1.44
Bulgaria,BGR,2005,1.37
Bulgaria,BGR,2004,1.33
Bulgaria,BGR,2003,1.26
Bulgaria,BGR,2002,1.23
Bulgaria,BGR,2001,1.21
Bulgaria,BGR,2000,1.26
Bulgaria,BGR,1999,1.23
Bulgaria,BGR,1998,1.11
Bulgaria,BGR,1997,1.09
Bulgaria,BGR,1996,1.23
Bulgaria,BGR,1995,1.23
Bulgaria,BGR,1994,1.37
Bulgaria,BGR,1993,1.46
Bulgaria,BGR,1992,1.55
Bulgaria,BGR,1991,1.66
Bulgaria,BGR,1990,1.82
Bulgaria,BGR,1989,1.9
Bulgaria,BGR,1988,1.97
Bulgaria,BGR,1987,1.96
Bulgaria,BGR,1986,2.02
Bulgaria,BGR,1985,1.97
Bulgaria,BGR,1984,2.01
Bulgaria,BGR,1983,2.01
Bulgaria,BGR,1982,2.01
Bulgaria,BGR,1981,2.0
Bulgaria,BGR,1980,2.05
Bulgaria,BGR,1979,2.16
Bulgaria,BGR,1978,2.15
Bulgaria,BGR,1977,2.21
Bulgaria,BGR,1976,2.24
Bulgaria,BGR,1975,2.23
Bulgaria,BGR,1974,2.29
Bulgaria,BGR,1973,2.15
Bulgaria,BGR,1972,2.03
Bulgaria,BGR,1971,2.1
Bulgaria,BGR,1970,2.17
Bulgaria,BGR,1969,2.27
Bulgaria,BGR,1968,2.27
Bulgaria,BGR,1967,2.02
Bulgaria,BGR,1966,2.03
Bulgaria,BGR,1965,2.09
Bulgaria,BGR,1964,2.19
Bulgaria,BGR,1963,2.21
Bulgaria,BGR,1962,2.24
Bulgaria,BGR,1961,2.29
Bulgaria,BGR,1960,2.31
Cyprus,CYP,2023,1.389
Cyprus,CYP,2022,1.393
Cyprus,CYP,2021,1.392
Cyprus,CYP,2020,1.361
Cyprus,CYP,2019,1.33
Cyprus,CYP,2018,1.319
Cyprus,CYP,2017,1.323
Cyprus,CYP,2016,1.357
Cyprus,CYP,2015,1.323
Cyprus,CYP,2014,1.312
Cyprus,CYP,2013,1.304
Cyprus,CYP,2012,1.382
Cyprus,CYP,2011,1.36
Cyprus,CYP,2010,1.434
Cyprus,CYP,2009,1.475
Cyprus,CYP,2008,1.479
Cyprus,CYP,2007,1.449
Cyprus,CYP,2006,1.509
Cyprus,CYP,2005,1.479
Cyprus,CYP,2004,1.512
Cyprus,CYP,2003,1.505
Cyprus,CYP,2002,1.497
Cyprus,CYP,2001,1.566
Cyprus,CYP,2000,1.638
Cyprus,CYP,1999,1.672
Cyprus,CYP,1998,1.761
Cyprus,CYP,1997,1.86
Cyprus,CYP,1996,1.953
Cyprus,CYP,1995,2.032
Cyprus,CYP,1994,2.163
Cyprus,CYP,1993,2.247
Cyprus,CYP,1992,2.459
Cyprus,CYP,1991,2.34
Cyprus,CYP,1990,2.402
Cyprus,CYP,1989,2.369
Cyprus,CYP,1988,2.47
Cyprus,CYP,1987,2.388
Cyprus,CYP,1986,2.452
Cyprus,CYP,1985,2.432
Cyprus,CYP,1984,2.512
Cyprus,CYP,1983,2.493
Cyprus,CYP,1982,2.487
Cyprus,CYP,1981,2.154
Cyprus,CYP,1980,2.298
Cyprus,CYP,1979,2.136
Cyprus,CYP,1978,2.079
Cyprus,CYP,1977,2.089
Cyprus,CYP,1976,2.327
Cyprus,CYP,1975,2.107
Cyprus,CYP,1974,2.28
Cyprus,CYP,1973,2.403
Cyprus,CYP,1972,2.988
Cyprus,CYP,1971,3.036
Cyprus,CYP,1970,3.065
Cyprus,CYP,1969,3.188
Cyprus,CYP,1968,3.267
Cyprus,CYP,1967,3.324
Cyprus,CYP,1966,3.395
Cyprus,CYP,1965,3.47
Cyprus,CYP,1964,3.409
Cyprus,CYP,1963,3.494
Cyprus,CYP,1962,3.51
Cyprus,CYP,1961,3.619
Cyprus,CYP,1960,3.393
Czechia,CZE,2023,1.45
Czechia,CZE,2022,1.64
Czechia,CZE,2021,1.83
Czechia,CZE,2020,1.74
Czechia,CZE,2019,1.71
Czechia,CZE,2018,1.71
Czechia,CZE,2017,1.69
Czechia,CZE,2016,1.63
Czechia,CZE,2015,1.57
Czechia,CZE,2014,1.53
Czechia,CZE,2013,1.46
Czechia,CZE,2012,1.45
Czechia,CZE,2011,1.43
Czechia,CZE,2010,1.51
Czechia,CZE,2009,1.51
Czechia,CZE,2008,1.51
Czechia,CZE,2007,1.45
Czechia,CZE,2006,1.34
Czechia,CZE,2005,1.29
Czechia,CZE,2004,1.23
Czechia,CZE,2003,1.18
Czechia,CZE,2002,1.17
Czechia,CZE,2001,1.15
Czechia,CZE,2000,1.15
Czechia,CZE,1999,1.13
Czechia,CZE,1998,1.16
Czechia,CZE,1997,1.17
Czechia,CZE,1996,1.18
Czechia,CZE,1995,1.28
Czechia,CZE,1994,1.44
Czechia,CZE,1993,1.67
Czechia,CZE,1992,1.71
Czechia,CZE,1991,1.86
Czechia,CZE,1990,1.9
Czechia,CZE,1989,1.87
Czechia,CZE,1988,1.94
Czechia,CZE,1987,1.91
Czechia,CZE,1986,1.92
Czechia,CZE,1985,1.95
Czechia,CZE,1984,1.97
Czechia,CZE,1983,1.97
Czechia,CZE,1982,2.0
Czechia,CZE,1981,2.0
Czechia,CZE,1980,2.08
Czechia,CZE,1979,2.27
Czechia,CZE,1978,2.33
Czechia,CZE,1977,2.34
Czechia,CZE,1976,2.39
Czechia,CZE,1975,2.43
Czechia,CZE,1974,2.46
Czechia,CZE,1973,2.31
Czechia,CZE,1972,2.09
Czechia,CZE,1971,2.0
Czechia,CZE,1970,1.92
Czechia,CZE,1969,1.87
Czechia,CZE,1968,1.84
Czechia,CZE,1967,1.91
Czechia,CZE,1966,2.02
Czechia,CZE,1965,2.18
Czechia,CZE,1964,2.34
Czechia,CZE,1963,2.31
Czechia,CZE,1962,2.12
Czechia,CZE,1961,2.11
Czechia,CZE,1960,2.09
Germany,DEU,2023,1.39
Germany,DEU,2022,1.455
Germany,DEU,2021,1.58
Germany,DEU,2020,1.53
Germany,DEU,2019,1.54
Germany,DEU,2018,1.57
Germany,DEU,2017,1.57
Germany,DEU,2016,1.6
Germany,DEU,2015,1.5
Germany,DEU,2014,1.47
Germany,DEU,2013,1.42
Germany,DEU,2012,1.41
Germany,DEU,2011,1.39
Germany,DEU,2010,1.39
Germany,DEU,2009,1.36
Germany,DEU,2008,1.38
Germany,DEU,2007,1.37
Germany,DEU,2006,1.33
Germany,DEU,2005,1.34
Germany,DEU,2004,1.36
Germany,DEU,2003,1.34
Germany,DEU,2002,1.34
Germany,DEU,2001,1.35
Germany,DEU,2000,1.38
Germany,DEU,1999,1.36
Germany,DEU,1998,1.36
Germany,DEU,1997,1.35
Germany,DEU,1996,1.3
Germany,DEU,1995,1.25
Germany,DEU,1994,1.24
Germany,DEU,1993,1.28
Germany,DEU,1992,1.29
Germany,DEU,1991,1.33
Germany,DEU,1990,1.45
Germany,DEU,1989,1.42
Germany,DEU,1988,1.46
Germany,DEU,1987,1.43
Germany,DEU,1986,1.43
Germany,DEU,1985,1.37
Germany,DEU,1984,1.29
Germany,DEU,1983,1.33
Germany,DEU,1982,1.41
Germany,DEU,1981,1.43
Germany,DEU,1980,1.44
Germany,DEU,1979,1.38
Germany,DEU,1978,1.38
Germany,DEU,1977,1.4
Germany,DEU,1976,1.45
Germany,DEU,1975,1.45
Germany,DEU,1974,1.51
Germany,DEU,1973,1.54
Germany,DEU,1972,1.71
Germany,DEU,1971,1.92
Germany,DEU,1970,2.03
Germany,DEU,1969,2.21
Germany,DEU,1968,2.38
Germany,DEU,1967,2.48
Germany,DEU,1966,2.53
Germany,DEU,1965,2.5
Germany,DEU,1964,2.54
Germany,DEU,1963,2.51
Germany,DEU,1962,2.44
Germany,DEU,1961,2.45
Germany,DEU,1960,2.37
Denmark,DNK,2023,1.5
Denmark,DNK,2022,1.55
Denmark,DNK,2021,1.72
Denmark,DNK,2020,1.68
Denmark,DNK,2019,1.7
Denmark,DNK,2018,1.73
Denmark,DNK,2017,1.75
Denmark,DNK,2016,1.79
Denmark,DNK,2015,1.71
Denmark,DNK,2014,1.69
Denmark,DNK,2013,1.67
Denmark,DNK,2012,1.73
Denmark,DNK,2011,1.75
Denmark,DNK,2010,1.87
Denmark,DNK,2009,1.84
Denmark,DNK,2008,1.89
Denmark,DNK,2007,1.84
Denmark,DNK,2006,1.85
Denmark,DNK,2005,1.8
Denmark,DNK,2004,1.78
Denmark,DNK,2003,1.76
Denmark,DNK,2002,1.72
Denmark,DNK,2001,1.74
Denmark,DNK,2000,1.77
Denmark,DNK,1999,1.73
Denmark,DNK,1998,1.72
Denmark,DNK,1997,1.75
Denmark,DNK,1996,1.75
Denmark,DNK,1995,1.8
Denmark,DNK,1994,1.81
Denmark,DNK,1993,1.75
Denmark,DNK,1992,1.76
Denmark,DNK,1991,1.68
Denmark,DNK,1990,1.67
Denmark,DNK,1989,1.62
Denmark,DNK,1988,1.56
Denmark,DNK,1987,1.5
Denmark,DNK,1986,1.48
Denmark,DNK,1985,1.45
Denmark,DNK,1984,1.4
Denmark,DNK,1983,1.38
Denmark,DNK,1982,1.43
Denmark,DNK,1981,1.44
Denmark,DNK,1980,1.55
Denmark,DNK,1979,1.6
Denmark,DNK,1978,1.67
Denmark,DNK,1977,1.66
Denmark,DNK,1976,1.75
Denmark,DNK,1975,1.92
Denmark,DNK,1974,1.9
Denmark,DNK,1973,1.92
Denmark,DNK,1972,2.03
Denmark,DNK,1971,2.04
Denmark,DNK,1970,1.95
Denmark,DNK,1969,2.0
Denmark,DNK,1968,2.12
Denmark,DNK,1967,2.35
Denmark,DNK,1966,2.62
Denmark,DNK,1965,2.61
Denmark,DNK,1964,2.6
Denmark,DNK,1963,2.67
Denmark,DNK,1962,2.55
Denmark,DNK,1961,2.55
Denmark,DNK,1960,2.57
Spain,ESP,2023,1.12
Spain,ESP,2022,1.16
Spain,ESP,2021,1.18
Spain,ESP,2020,1.18
Spain,ESP,2019,1.23
Spain,ESP,2018,1.26
Spain,ESP,2017,1.31
Spain,ESP,2016,1.33
Spain,ESP,2015,1.33
Spain,ESP,2014,1.32
Spain,ESP,2013,1.27
Spain,ESP,2012,1.32
Spain,ESP,2011,1.34
Spain,ESP,2010,1.37
Spain,ESP,2009,1.38
Spain,ESP,2008,1.45
Spain,ESP,2007,1.38
Spain,ESP,2006,1.36
Spain,ESP,2005,1.33
Spain,ESP,2004,1.31
Spain,ESP,2003,1.3
Spain,ESP,2002,1.25
Spain,ESP,2001,1.23
Spain,ESP,2000,1.22
Spain,ESP,1999,1.17
Spain,ESP,1998,1.13
Spain,ESP,1997,1.15
Spain,ESP,1996,1.14
Spain,ESP,1995,1.16
Spain,ESP,1994,1.19
Spain,ESP,1993,1.26
Spain,ESP,1992,1.31
Spain,ESP,1991,1.33
Spain,ESP,1990,1.36
Spain,ESP,1989,1.4
Spain,ESP,1988,1.45
Spain,ESP,1987,1.49
Spain,ESP,1986,1.56
Spain,ESP,1985,1.64
Spain,ESP,1984,1.73
Spain,ESP,1983,1.8
Spain,ESP,1982,1.94
Spain,ESP,1981,2.04
Spain,ESP,1980,2.22
Spain,ESP,1979,2.37
Spain,ESP,1978,2.54
Spain,ESP,1977,2.65
Spain,ESP,1976,2.77
Spain,ESP,1975,2.77
Spain,ESP,1974,2.88
Spain,ESP,1973,2.84
Spain,ESP,1972,2.87
Spain,ESP,1971,2.9
Spain,ESP,1970,2.84
Spain,ESP,1969,2.86
Spain,ESP,1968,2.87
Spain,ESP,1967,2.94
Spain,ESP,1966,2.91
Spain,ESP,1965,2.94
Spain,ESP,1964,3.01
Spain,ESP,1963,2.88
Spain,ESP,1962,2.8
Spain,ESP,1961,2.77
Spain,ESP,1960,2.86
Estonia,EST,2023,1.31
Estonia,EST,2022,1.41
Estonia,EST,2021,1.61
Estonia,EST,2020,1.58
Estonia,EST,2019,1.66
Estonia,EST,2018,1.67
Estonia,EST,2017,1.59
Estonia,EST,2016,1.6
Estonia,EST,2015,1.58
Estonia,EST,2014,1.54
Estonia,EST,2013,1.52
Estonia,EST,2012,1.56
Estonia,EST,2011,1.61
Estonia,EST,2010,1.72
Estonia,EST,2009,1.7
Estonia,EST,2008,1.72
Estonia,EST,2007,1.69
Estonia,EST,2006,1.58
Estonia,EST,2005,1.52
Estonia,EST,2004,1.47
Estonia,EST,2003,1.37
Estonia,EST,2002,1.36
Estonia,EST,2001,1.32
Estonia,EST,2000,1.36
Estonia,EST,1999,1.3
Estonia,EST,1998,1.28
Estonia,EST,1997,1.32
Estonia,EST,1996,1.37
Estonia,EST,1995,1.38
Estonia,EST,1994,1.42
Estonia,EST,1993,1.49
Estonia,EST,1992,1.71
Estonia,EST,1991,1.8
Estonia,EST,1990,2.05
Estonia,EST,1989,2.22
Estonia,EST,1988,2.27
Estonia,EST,1987,2.27
Estonia,EST,1986,2.18
Estonia,EST,1985,2.13
Estonia,EST,1984,2.17
Estonia,EST,1983,2.16
Estonia,EST,1982,2.07
Estonia,EST,1981,2.07
Estonia,EST,1980,2.02
Estonia,EST,1979,2.0
Estonia,EST,1978,2.02
Estonia,EST,1977,2.06
Estonia,EST,1976,2.07
Estonia,EST,1975,2.04
Estonia,EST,1974,2.07
Estonia,EST,1973,2.06
Estonia,EST,1972,2.13
Estonia,EST,1971,2.19
Estonia,EST,1970,2.17
Estonia,EST,1969,2.13
Estonia,EST,1968,2.03
Estonia,EST,1967,1.9
Estonia,EST,1966,1.87
Estonia,EST,1965,1.88
Estonia,EST,1964,1.94
Estonia,EST,1963,1.89
Estonia,EST,1962,1.95
Estonia,EST,1961,1.98
Estonia,EST,1960,1.98
Finland,FIN,2023,1.26
Finland,FIN,2022,1.32
Finland,FIN,2021,1.46
Finland,FIN,2020,1.37
Finland,FIN,2019,1.35
Finland,FIN,2018,1.41
Finland,FIN,2017,1.49
Finland,FIN,2016,1.57
Finland,FIN,2015,1.65
Finland,FIN,2014,1.71
Finland,FIN,2013,1.75
Finland,FIN,2012,1.8
Finland,FIN,2011,1.83
Finland,FIN,2010,1.87
Finland,FIN,2009,1.86
Finland,FIN,2008,1.85
Finland,FIN,2007,1.83
Finland,FIN,2006,1.84
Finland,FIN,2005,1.8
Finland,FIN,2004,1.8
Finland,FIN,2003,1.76
Finland,FIN,2002,1.72
Finland,FIN,2001,1.73
Finland,FIN,2000,1.73
Finland,FIN,1999,1.73
Finland,FIN,1998,1.7
Finland,FIN,1997,1.75
Finland,FIN,1996,1.78
Finland,FIN,1995,1.81
Finland,FIN,1994,1.85
Finland,FIN,1993,1.81
Finland,FIN,1992,1.85
Finland,FIN,1991,1.79
Finland,FIN,1990,1.78
Finland,FIN,1989,1.71
Finland,FIN,1988,1.69
Finland,FIN,1987,1.59
Finland,FIN,1986,1.6
Finland,FIN,1985,1.64
Finland,FIN,1984,1.69
Finland,FIN,1983,1.74
Finland,FIN,1982,1.71
Finland,FIN,1981,1.64
Finland,FIN,1980,1.63
Finland,FIN,1979,1.64
Finland,FIN,1978,1.64
Finland,FIN,1977,1.68
Finland,FIN,1976,1.7
Finland,FIN,1975,1.68
Finland,FIN,1974,1.61
Finland,FIN,1973,1.49
Finland,FIN,1972,1.58
Finland,FIN,1971,1.68
Finland,FIN,1970,1.83
Finland,FIN,1969,1.93
Finland,FIN,1968,2.14
Finland,FIN,1967,2.32
Finland,FIN,1966,2.41
Finland,FIN,1965,2.48
Finland,FIN,1964,2.59
Finland,FIN,1963,2.68
Finland,FIN,1962,2.68
Finland,FIN,1961,2.72
Finland,FIN,1960,2.72
France,FRA,2023,1.66
France,FRA,2022,1.79
France,FRA,2021,1.84
France,FRA,2020,1.83
France,FRA,2019,1.86
France,FRA,2018,1.87
France,FRA,2017,1.89
France,FRA,2016,1.92
France,FRA,2015,1.96
France,FRA,2014,2.0
France,FRA,2013,1.99
France,FRA,2012,2.01
France,FRA,2011,2.01
France,FRA,2010,2.03
France,FRA,2009,2.0
France,FRA,2008,2.01
France,FRA,2007,1.98
France,FRA,2006,2.0
France,FRA,2005,1.94
France,FRA,2004,1.92
France,FRA,2003,1.89
France,FRA,2002,1.88
France,FRA,2001,1.9
France,FRA,2000,1.89
France,FRA,1999,1.81
France,FRA,1998,1.78
France,FRA,1997,1.77
France,FRA,1996,1.75
France,FRA,1995,1.74
France,FRA,1994,1.73
France,FRA,1993,1.73
France,FRA,1992,1.74
France,FRA,1991,1.75
France,FRA,1990,1.77
France,FRA,1989,1.79
France,FRA,1988,1.81
France,FRA,1987,1.83
France,FRA,1986,1.85
France,FRA,1985,1.86
France,FRA,1984,1.86
France,FRA,1983,1.86
France,FRA,1982,1.86
France,FRA,1981,1.85
France,FRA,1980,1.85
France,FRA,1979,1.87
France,FRA,1978,1.89
France,FRA,1977,1.94
France,FRA,1976,2.01
France,FRA,1975,2.09
France,FRA,1974,2.18
France,FRA,1973,2.28
France,FRA,1972,2.38
France,FRA,1971,2.47
France,FRA,1970,2.55
France,FRA,1969,2.62
France,FRA,1968,2.69
France,FRA,1967,2.75
France,FRA,1966,2.8
France,FRA,1965,2.84
France,FRA,1964,2.87
France,FRA,1963,2.89
France,FRA,1962,2.89
France,FRA,1961,2.87
France,FRA,1960,2.85
Greece,GRC,2023,1.32
Greece,GRC,2022,1.32
Greece,GRC,2021,1.43
Greece,GRC,2020,1.39
Greece,GRC,2019,1.34
Greece,GRC,2018,1.35
Greece,GRC,2017,1.35
Greece,GRC,2016,1.38
Greece,GRC,2015,1.33
Greece,GRC,2014,1.3
Greece,GRC,2013,1.29
Greece,GRC,2012,1.34
Greece,GRC,2011,1.4
Greece,GRC,2010,1.48
Greece,GRC,2009,1.5
Greece,GRC,2008,1.5
Greece,GRC,2007,1.41
Greece,GRC,2006,1.4
Greece,GRC,2005,1.34
Greece,GRC,2004,1.31
Greece,GRC,2003,1.29
Greece,GRC,2002,1.28
Greece,GRC,2001,1.25
Greece,GRC,2000,1.25
Greece,GRC,1999,1.23
Greece,GRC,1998,1.24
Greece,GRC,1997,1.27
Greece,GRC,1996,1.26
Greece,GRC,1995,1.28
Greece,GRC,1994,1.33
Greece,GRC,1993,1.32
Greece,GRC,1992,1.36
Greece,GRC,1991,1.37
Greece,GRC,1990,1.39
Greece,GRC,1989,1.4
Greece,GRC,1988,1.5
Greece,GRC,1987,1.5
Greece,GRC,1986,1.6
Greece,GRC,1985,1.67
Greece,GRC,1984,1.83
Greece,GRC,1983,1.94
Greece,GRC,1982,2.03
Greece,GRC,1981,2.09
Greece,GRC,1980,2.23
Greece,GRC,1979,2.26
Greece,GRC,1978,2.28
Greece,GRC,1977,2.27
Greece,GRC,1976,2.35
Greece,GRC,1975,2.33
Greece,GRC,1974,2.38
Greece,GRC,1973,2.27
Greece,GRC,1972,2.32
Greece,GRC,1971,2.32
Greece,GRC,1970,2.4
Greece,GRC,1969,2.36
Greece,GRC,1968,2.42
Greece,GRC,1967,2.45
Greece,GRC,1966,2.32
Greece,GRC,1965,2.25
Greece,GRC,1964,2.24
Greece,GRC,1963,2.14
Greece,GRC,1962,2.16
Greece,GRC,1961,2.13
Greece,GRC,1960,2.23
Croatia,HRV,2023,1.46
Croatia,HRV,2022,1.53
Croatia,HRV,2021,1.62
Croatia,HRV,2020,1.48
Croatia,HRV,2019,1.47
Croatia,HRV,2018,1.47
Croatia,HRV,2017,1.42
Croatia,HRV,2016,1.43
Croatia,HRV,2015,1.41
Croatia,HRV,2014,1.46
Croatia,HRV,2013,1.46
Croatia,HRV,2012,1.52
Croatia,HRV,2011,1.41
Croatia,HRV,2010,1.46
Croatia,HRV,2009,1.5
Croatia,HRV,2008,1.47
Croatia,HRV,2007,1.48
Croatia,HRV,2006,1.47
Croatia,HRV,2005,1.5
Croatia,HRV,2004,1.43
Croatia,HRV,2003,1.41
Croatia,HRV,2002,1.42
Croatia,HRV,2001,1.46
Croatia,HRV,2000,1.39
Croatia,HRV,1999,1.38
Croatia,HRV,1998,1.45
Croatia,HRV,1997,1.69
Croatia,HRV,1996,1.67
Croatia,HRV,1995,1.58
Croatia,HRV,1994,1.47
Croatia,HRV,1993,1.52
Croatia,HRV,1992,1.48
Croatia,HRV,1991,1.53
Croatia,HRV,1990,1.63
Croatia,HRV,1989,1.63
Croatia,HRV,1988,1.79
Croatia,HRV,1987,1.64
Croatia,HRV,1986,1.76
Croatia,HRV,1985,1.82
Croatia,HRV,1984,1.87
Croatia,HRV,1983,1.88
Croatia,HRV,1982,1.9
Croatia,HRV,1981,1.926
Croatia,HRV,1980,1.931
Croatia,HRV,1979,1.947
Croatia,HRV,1978,1.955
Croatia,HRV,1977,1.947
Croatia,HRV,1976,1.936
Croatia,HRV,1975,1.951
Croatia,HRV,1974,1.983
Croatia,HRV,1973,2.013
Croatia,HRV,1972,2.007
Croatia,HRV,1971,1.974
Croatia,HRV,1970,1.882
Croatia,HRV,1969,1.951
Croatia,HRV,1968,2.027
Croatia,HRV,1967,2.102
Croatia,HRV,1966,2.227
Croatia,HRV,1965,2.224
Croatia,HRV,1964,2.142
Croatia,HRV,1963,2.145
Croatia,HRV,1962,2.192
Croatia,HRV,1961,2.219
Croatia,HRV,1960,2.239
Hungary,HUN,2023,1.51
Hungary,HUN,2022,1.56
Hungary,HUN,2021,1.61
Hungary,HUN,2020,1.59
Hungary,HUN,2019,1.55
Hungary,HUN,2018,1.55
Hungary,HUN,2017,1.54
Hungary,HUN,2016,1.53
Hungary,HUN,2015,1.45
Hungary,HUN,2014,1.44
Hungary,HUN,2013,1.35
Hungary,HUN,2012,1.34
Hungary,HUN,2011,1.23
Hungary,HUN,2010,1.25
Hungary,HUN,2009,1.32
Hungary,HUN,2008,1.35
Hungary,HUN,2007,1.32
Hungary,HUN,2006,1.34
Hungary,HUN,2005,1.31
Hungary,HUN,2004,1.28
Hungary,HUN,2003,1.27
Hungary,HUN,2002,1.3
Hungary,HUN,2001,1.31
Hungary,HUN,2000,1.32
Hungary,HUN,1999,1.28
Hungary,HUN,1998,1.32
Hungary,HUN,1997,1.37
Hungary,HUN,1996,1.46
Hungary,HUN,1995,1.57
Hungary,HUN,1994,1.64
Hungary,HUN,1993,1.68
Hungary,HUN,1992,1.77
Hungary,HUN,1991,1.87
Hungary,HUN,1990,1.87
Hungary,HUN,1989,1.82
Hungary,HUN,1988,1.81
Hungary,HUN,1987,1.82
Hungary,HUN,1986,1.84
Hungary,HUN,1985,1.85
Hungary,HUN,1984,1.75
Hungary,HUN,1983,1.75
Hungary,HUN,1982,1.8
Hungary,HUN,1981,1.88
Hungary,HUN,1980,1.91
Hungary,HUN,1979,2.01
Hungary,HUN,1978,2.06
Hungary,HUN,1977,2.15
Hungary,HUN,1976,2.23
Hungary,HUN,1975,2.35
Hungary,HUN,1974,2.27
Hungary,HUN,1973,1.93
Hungary,HUN,1972,1.93
Hungary,HUN,1971,1.93
Hungary,HUN,1970,1.98
Hungary,HUN,1969,2.04
Hungary,HUN,1968,2.06
Hungary,HUN,1967,2.01
Hungary,HUN,1966,1.89
Hungary,HUN,1965,1.82
Hungary,HUN,1964,1.82
Hungary,HUN,1963,1.82
Hungary,HUN,1962,1.79
Hungary,HUN,1961,1.94
Hungary,HUN,1960,2.02
Ireland,IRL,2023,1.5
Ireland,IRL,2022,1.54
Ireland,IRL,2021,1.78
Ireland,IRL,2020,1.63
Ireland,IRL,2019,1.71
Ireland,IRL,2018,1.75
Ireland,IRL,2017,1.77
Ireland,IRL,2016,1.81
Ireland,IRL,2015,1.85
Ireland,IRL,2014,1.89
Ireland,IRL,2013,1.93
Ireland,IRL,2012,1.98
Ireland,IRL,2011,2.03
Ireland,IRL,2010,2.05
Ireland,IRL,2009,2.06
Ireland,IRL,2008,2.06
Ireland,IRL,2007,2.01
Ireland,IRL,2006,1.91
Ireland,IRL,2005,1.86
Ireland,IRL,2004,1.93
Ireland,IRL,2003,1.96
Ireland,IRL,2002,1.97
Ireland,IRL,2001,1.94
Ireland,IRL,2000,1.89
Ireland,IRL,1999,1.9
Ireland,IRL,1998,1.94
Ireland,IRL,1997,1.93
Ireland,IRL,1996,1.88
Ireland,IRL,1995,1.84
Ireland,IRL,1994,1.85
Ireland,IRL,1993,1.9
Ireland,IRL,1992,1.99
Ireland,IRL,1991,2.08
Ireland,IRL,1990,2.11
Ireland,IRL,1989,2.08
Ireland,IRL,1988,2.17
Ireland,IRL,1987,2.32
Ireland,IRL,1986,2.44
Ireland,IRL,1985,2.48
Ireland,IRL,1984,2.58
Ireland,IRL,1983,2.74
Ireland,IRL,1982,2.94
Ireland,IRL,1981,3.05
Ireland,IRL,1980,3.21
Ireland,IRL,1979,3.21
Ireland,IRL,1978,3.21
Ireland,IRL,1977,3.24
Ireland,IRL,1976,3.29
Ireland,IRL,1975,3.37
Ireland,IRL,1974,3.59
Ireland,IRL,1973,3.71
Ireland,IRL,1972,3.84
Ireland,IRL,1971,3.93
Ireland,IRL,1970,3.85
Ireland,IRL,1969,3.83
Ireland,IRL,1968,3.77
Ireland,IRL,1967,3.84
Ireland,IRL,1966,3.94
Ireland,IRL,1965,4.04
Ireland,IRL,1964,4.07
Ireland,IRL,1963,4.01
Ireland,IRL,1962,3.92
Ireland,IRL,1961,3.78
Ireland,IRL,1960,3.78
Italy,ITA,2023,1.2
Italy,ITA,2022,1.24
Italy,ITA,2021,1.25
Italy,ITA,2020,1.24
Italy,ITA,2019,1.27
Italy,ITA,2018,1.31
Italy,ITA,2017,1.34
Italy,ITA,2016,1.36
Italy,ITA,2015,1.36
Italy,ITA,2014,1.38
Italy,ITA,2013,1.39
Italy,ITA,2012,1.42
Italy,ITA,2011,1.42
Italy,ITA,2010,1.44
Italy,ITA,2009,1.44
Italy,ITA,2008,1.44
Italy,ITA,2007,1.39
Italy,ITA,2006,1.37
Italy,ITA,2005,1.33
Italy,ITA,2004,1.34
Italy,ITA,2003,1.29
Italy,ITA,2002,1.27
Italy,ITA,2001,1.25
Italy,ITA,2000,1.26
Italy,ITA,1999,1.23
Italy,ITA,1998,1.22
Italy,ITA,1997,1.22
Italy,ITA,1996,1.2
Italy,ITA,1995,1.19
Italy,ITA,1994,1.21
Italy,ITA,1993,1.25
Italy,ITA,1992,1.3
Italy,ITA,1991,1.3
Italy,ITA,1990,1.33
Italy,ITA,1989,1.33
Italy,ITA,1988,1.36
Italy,ITA,1987,1.33
Italy,ITA,1986,1.35
Italy,ITA,1985,1.42
Italy,ITA,1984,1.46
Italy,ITA,1983,1.51
Italy,ITA,1982,1.56
Italy,ITA,1981,1.58
Italy,ITA,1980,1.64
Italy,ITA,1979,1.73
Italy,ITA,1978,1.84
Italy,ITA,1977,1.93
Italy,ITA,1976,2.04
Italy,ITA,1975,2.17
Italy,ITA,1974,2.28
Italy,ITA,1973,2.3
Italy,ITA,1972,2.35
Italy,ITA,1971,2.4
Italy,ITA,1970,2.38
Italy,ITA,1969,2.47
Italy,ITA,1968,2.46
Italy,ITA,1967,2.5
Italy,ITA,1966,2.58
Italy,ITA,1965,2.6
Italy,ITA,1964,2.66
Italy,ITA,1963,2.51
Italy,ITA,1962,2.46
Italy,ITA,1961,2.44
Italy,ITA,1960,2.4
Lithuania,LTU,2023,1.18
Lithuania,LTU,2022,1.27
Lithuania,LTU,2021,1.36
Lithuania,LTU,2020,1.36
Lithuania,LTU,2019,1.43
Lithuania,LTU,2018,1.53
Lithuania,LTU,2017,1.57
Lithuania,LTU,2016,1.63
Lithuania,LTU,2015,1.63
Lithuania,LTU,2014,1.57
Lithuania,LTU,2013,1.59
Lithuania,LTU,2012,1.6
Lithuania,LTU,2011,1.55
Lithuania,LTU,2010,1.5
Lithuania,LTU,2009,1.5
Lithuania,LTU,2008,1.45
Lithuania,LTU,2007,1.36
Lithuania,LTU,2006,1.33
Lithuania,LTU,2005,1.29
Lithuania,LTU,2004,1.27
Lithuania,LTU,2003,1.26
Lithuania,LTU,2002,1.23
Lithuania,LTU,2001,1.29
Lithuania,LTU,2000,1.39
Lithuania,LTU,1999,1.46
Lithuania,LTU,1998,1.46
Lithuania,LTU,1997,1.47
Lithuania,LTU,1996,1.49
Lithuania,LTU,1995,1.55
Lithuania,LTU,1994,1.57
Lithuania,LTU,1993,1.74
Lithuania,LTU,1992,1.97
Lithuania,LTU,1991,2.01
Lithuania,LTU,1990,2.03
Lithuania,LTU,1989,1.98
Lithuania,LTU,1988,2.02
Lithuania,LTU,1987,2.11
Lithuania,LTU,1986,2.12
Lithuania,LTU,1985,2.08
Lithuania,LTU,1984,2.07
Lithuania,LTU,1983,2.1
Lithuania,LTU,1982,1.97
Lithuania,LTU,1981,1.98
Lithuania,LTU,1980,1.99
Lithuania,LTU,1979,2.05
Lithuania,LTU,1978,2.08
Lithuania,LTU,1977,2.14
Lithuania,LTU,1976,2.18
Lithuania,LTU,1975,2.18
Lithuania,LTU,1974,2.21
Lithuania,LTU,1973,2.22
Lithuania,LTU,1972,2.34
Lithuania,LTU,1971,2.41
Lithuania,LTU,1970,2.4
Lithuania,LTU,1969,2.3
Lithuania,LTU,1968,2.24
Lithuania,LTU,1967,2.23
Lithuania,LTU,1966,2.22
Lithuania,LTU,1965,2.23
Lithuania,LTU,1964,2.28
Lithuania,LTU,1963,2.35
Lithuania,LTU,1962,2.45
Lithuania,LTU,1961,2.53
Lithuania,LTU,1960,2.56
Luxembourg,LUX,2023,1.25
Luxembourg,LUX,2022,1.31
Luxembourg,LUX,2021,1.38
Luxembourg,LUX,2020,1.36
Luxembourg,LUX,2019,1.34
Luxembourg,LUX,2018,1.38
Luxembourg,LUX,2017,1.39
Luxembourg,LUX,2016,1.41
Luxembourg,LUX,2015,1.47
Luxembourg,LUX,2014,1.5
Luxembourg,LUX,2013,1.55
Luxembourg,LUX,2012,1.57
Luxembourg,LUX,2011,1.52
Luxembourg,LUX,2010,1.63
Luxembourg,LUX,2009,1.59
Luxembourg,LUX,2008,1.61
Luxembourg,LUX,2007,1.61
Luxembourg,LUX,2006,1.65
Luxembourg,LUX,2005,1.63
Luxembourg,LUX,2004,1.66
Luxembourg,LUX,2003,1.62
Luxembourg,LUX,2002,1.63
Luxembourg,LUX,2001,1.66
Luxembourg,LUX,2000,1.76
Luxembourg,LUX,1999,1.74
Luxembourg,LUX,1998,1.68
Luxembourg,LUX,1997,1.71
Luxembourg,LUX,1996,1.77
Luxembourg,LUX,1995,1.7
Luxembourg,LUX,1994,1.72
Luxembourg,LUX,1993,1.7
Luxembourg,LUX,1992,1.64
Luxembourg,LUX,1991,1.6
Luxembourg,LUX,1990,1.6
Luxembourg,LUX,1989,1.52
Luxembourg,LUX,1988,1.51
Luxembourg,LUX,1987,1.4
Luxembourg,LUX,1986,1.43
Luxembourg,LUX,1985,1.38
Luxembourg,LUX,1984,1.42
Luxembourg,LUX,1983,1.43
Luxembourg,LUX,1982,1.49
Luxembourg,LUX,1981,1.55
Luxembourg,LUX,1980,1.5
Luxembourg,LUX,1979,1.48
Luxembourg,LUX,1978,1.48
Luxembourg,LUX,1977,1.5
Luxembourg,LUX,1976,1.48
Luxembourg,LUX,1975,1.55
Luxembourg,LUX,1974,1.58
Luxembourg,LUX,1973,1.58
Luxembourg,LUX,1972,1.75
Luxembourg,LUX,1971,1.95
Luxembourg,LUX,1970,1.97
Luxembourg,LUX,1969,2.02
Luxembourg,LUX,1968,2.12
Luxembourg,LUX,1967,2.24
Luxembourg,LUX,1966,2.34
Luxembourg,LUX,1965,2.42
Luxembourg,LUX,1964,2.34
Luxembourg,LUX,1962,2.37
Luxembourg,LUX,1960,2.29
Latvia,LVA,2023,1.36
Latvia,LVA,2022,1.47
Latvia,LVA,2021,1.57
Latvia,LVA,2020,1.55
Latvia,LVA,2019,1.61
Latvia,LVA,2018,1.6
Latvia,LVA,2017,1.69
Latvia,LVA,2016,1.74
Latvia,LVA,2015,1.7
Latvia,LVA,2014,1.65
Latvia,LVA,2013,1.52
Latvia,LVA,2012,1.44
Latvia,LVA,2011,1.33
Latvia,LVA,2010,1.36
Latvia,LVA,2009,1.46
Latvia,LVA,2008,1.58
Latvia,LVA,2007,1.54
Latvia,LVA,2006,1.46
Latvia,LVA,2005,1.39
Latvia,LVA,2004,1.29
Latvia,LVA,2003,1.32
Latvia,LVA,2002,1.26
Latvia,LVA,2001,1.22
Latvia,LVA,2000,1.25
Latvia,LVA,1999,1.16
Latvia,LVA,1998,1.09
Latvia,LVA,1997,1.11
Latvia,LVA,1996,1.16
Latvia,LVA,1995,1.25
Latvia,LVA,1994,1.39
Latvia,LVA,1993,1.51
Latvia,LVA,1992,1.73
Latvia,LVA,1991,1.86
Latvia,LVA,1990,2.02
Latvia,LVA,1989,2.05
Latvia,LVA,1988,2.11
Latvia,LVA,1987,2.15
Latvia,LVA,1986,2.12
Latvia,LVA,1985,2.08
Latvia,LVA,1984,2.09
Latvia,LVA,1983,2.07
Latvia,LVA,1982,1.97
Latvia,LVA,1981,1.88
Latvia,LVA,1980,1.86
Latvia,LVA,1979,1.87
Latvia,LVA,1978,1.87
Latvia,LVA,1977,1.89
Latvia,LVA,1976,1.93
Latvia,LVA,1975,1.96
Latvia,LVA,1974,1.97
Latvia,LVA,1973,1.98
Latvia,LVA,1972,2.0
Latvia,LVA,1971,2.0
Latvia,LVA,1970,1.96
Latvia,LVA,1969,1.88
Latvia,LVA,1968,1.83
Latvia,LVA,1967,1.8
Latvia,LVA,1966,1.76
Latvia,LVA,1965,1.74
Latvia,LVA,1964,1.79
Latvia,LVA,1963,1.85
Latvia,LVA,1962,1.91
Latvia,LVA,1961,1.94
Latvia,LVA,1960,1.94
Malta,MLT,2023,1.06
Malta,MLT,2022,1.08
Malta,MLT,2021,1.13
Malta,MLT,2020,1.13
Malta,MLT,2019,1.14
Malta,MLT,2018,1.23
Malta,MLT,2017,1.26
Malta,MLT,2016,1.37
Malta,MLT,2015,1.37
Malta,MLT,2014,1.38
Malta,MLT,2013,1.36
Malta,MLT,2012,1.42
Malta,MLT,2011,1.45
Malta,MLT,2010,1.36
Malta,MLT,2009,1.42
Malta,MLT,2008,1.43
Malta,MLT,2007,1.35
Malta,MLT,2006,1.36
Malta,MLT,2005,1.38
Malta,MLT,2004,1.4
Malta,MLT,2003,1.48
Malta,MLT,2002,1.45
Malta,MLT,2001,1.48
Malta,MLT,2000,1.68
Malta,MLT,1999,1.73
Malta,MLT,1998,1.84
Malta,MLT,1997,1.93
Malta,MLT,1996,1.99
Malta,MLT,1995,1.77
Malta,MLT,1994,1.84
Malta,MLT,1993,1.96
Malta,MLT,1992,2.07
Malta,MLT,1991,1.99
Malta,MLT,1990,2.02
Malta,MLT,1989,2.1
Malta,MLT,1988,2.06
Malta,MLT,1987,1.97
Malta,MLT,1986,1.93
Malta,MLT,1985,1.95
Malta,MLT,1984,1.95
Malta,MLT,1983,1.92
Malta,MLT,1982,1.9
Malta,MLT,1981,1.87
Malta,MLT,1980,1.99
Malta,MLT,1979,2.1
Malta,MLT,1978,2.05
Malta,MLT,1977,2.14
Malta,MLT,1976,2.21
Malta,MLT,1975,2.27
Malta,MLT,1974,1.64
Malta,MLT,1973,1.65
Malta,MLT,1972,2.01
Malta,MLT,1971,2.06
Malta,MLT,1970,2.03
Malta,MLT,1969,2.02
Malta,MLT,1968,2.12
Malta,MLT,1967,2.24
Malta,MLT,1966,2.33
Malta,MLT,1965,2.52
Malta,MLT,1964,2.79
Malta,MLT,1963,2.9
Malta,MLT,1962,3.24
Malta,MLT,1961,3.27
Malta,MLT,1960,3.62
Netherlands,NLD,2023,1.43
Netherlands,NLD,2022,1.49
Netherlands,NLD,2021,1.62
Netherlands,NLD,2020,1.54
Netherlands,NLD,2019,1.57
Netherlands,NLD,2018,1.59
Netherlands,NLD,2017,1.62
Netherlands,NLD,2016,1.66
Netherlands,NLD,2015,1.66
Netherlands,NLD,2014,1.71
Netherlands,NLD,2013,1.68
Netherlands,NLD,2012,1.72
Netherlands,NLD,2011,1.76
Netherlands,NLD,2010,1.79
Netherlands,NLD,2009,1.79
Netherlands,NLD,2008,1.77
Netherlands,NLD,2007,1.72
Netherlands,NLD,2006,1.72
Netherlands,NLD,2005,1.71
Netherlands,NLD,2004,1.72
Netherlands,NLD,2003,1.75
Netherlands,NLD,2002,1.73
Netherlands,NLD,2001,1.71
Netherlands,NLD,2000,1.72
Netherlands,NLD,1999,1.65
Netherlands,NLD,1998,1.63
Netherlands,NLD,1997,1.56
Netherlands,NLD,1996,1.53
Netherlands,NLD,1995,1.53
Netherlands,NLD,1994,1.57
Netherlands,NLD,1993,1.57
Netherlands,NLD,1992,1.59
Netherlands,NLD,1991,1.61
Netherlands,NLD,1990,1.62
Netherlands,NLD,1989,1.55
Netherlands,NLD,1988,1.55
Netherlands,NLD,1987,1.56
Netherlands,NLD,1986,1.55
Netherlands,NLD,1985,1.51
Netherlands,NLD,1984,1.49
Netherlands,NLD,1983,1.47
Netherlands,NLD,1982,1.5
Netherlands,NLD,1981,1.56
Netherlands,NLD,1980,1.6
Netherlands,NLD,1979,1.56
Netherlands,NLD,1978,1.58
Netherlands,NLD,1977,1.58
Netherlands,NLD,1976,1.63
Netherlands,NLD,1975,1.66
Netherlands,NLD,1974,1.77
Netherlands,NLD,1973,1.9
Netherlands,NLD,1972,2.15
Netherlands,NLD,1971,2.36
Netherlands,NLD,1970,2.57
Netherlands,NLD,1969,2.75
Netherlands,NLD,1968,2.72
Netherlands,NLD,1967,2.81
Netherlands,NLD,1966,2.9
Netherlands,NLD,1965,3.04
Netherlands,NLD,1964,3.17
Netherlands,NLD,1963,3.19
Netherlands,NLD,1962,3.18
Netherlands,NLD,1961,3.22
Netherlands,NLD,1960,3.12
Poland,POL,2023,1.158
Poland,POL,2022,1.29
Poland,POL,2021,1.33
Poland,POL,2020,1.39
Poland,POL,2019,1.44
Poland,POL,2018,1.46
Poland,POL,2017,1.48
Poland,POL,2016,1.39
Poland,POL,2015,1.32
Poland,POL,2014,1.32
Poland,POL,2013,1.29
Poland,POL,2012,1.33
Poland,POL,2011,1.33
Poland,POL,2010,1.41
Poland,POL,2009,1.4
Poland,POL,2008,1.39
Poland,POL,2007,1.31
Poland,POL,2006,1.27
Poland,POL,2005,1.24
Poland,POL,2004,1.23
Poland,POL,2003,1.22
Poland,POL,2002,1.25
Poland,POL,2001,1.31
Poland,POL,2000,1.37
Poland,POL,1999,1.37
Poland,POL,1998,1.44
Poland,POL,1997,1.51
Poland,POL,1996,1.59
Poland,POL,1995,1.62
Poland,POL,1994,1.81
Poland,POL,1993,1.87
Poland,POL,1992,1.95
Poland,POL,1991,2.07
Poland,POL,1990,2.06
Poland,POL,1989,2.08
Poland,POL,1988,2.13
Poland,POL,1987,2.15
Poland,POL,1986,2.22
Poland,POL,1985,2.33
Poland,POL,1984,2.37
Poland,POL,1983,2.42
Poland,POL,1982,2.34
Poland,POL,1981,2.24
Poland,POL,1980,2.28
Poland,POL,1979,2.28
Poland,POL,1978,2.21
Poland,POL,1977,2.23
Poland,POL,1976,2.3
Poland,POL,1975,2.27
Poland,POL,1974,2.26
Poland,POL,1973,2.26
Poland,POL,1972,2.24
Poland,POL,1971,2.25
Poland,POL,1970,2.2
Poland,POL,1969,2.2
Poland,POL,1968,2.24
Poland,POL,1967,2.33
Poland,POL,1966,2.34
Poland,POL,1965,2.52
Poland,POL,1964,2.57
Poland,POL,1963,2.7
Poland,POL,1962,2.72
Poland,POL,1961,2.83
Poland,POL,1960,2.98
Portugal,PRT,2023,1.44
Portugal,PRT,2022,1.43
Portugal,PRT,2021,1.35
Portugal,PRT,2020,1.42
Portugal,PRT,2019,1.44
Portugal,PRT,2018,1.42
Portugal,PRT,2017,1.38
Portugal,PRT,2016,1.37
Portugal,PRT,2015,1.31
Portugal,PRT,2014,1.24
Portugal,PRT,2013,1.21
Portugal,PRT,2012,1.28
Portugal,PRT,2011,1.35
Portugal,PRT,2010,1.39
Portugal,PRT,2009,1.34
Portugal,PRT,2008,1.39
Portugal,PRT,2007,1.35
Portugal,PRT,2006,1.37
Portugal,PRT,2005,1.41
Portugal,PRT,2004,1.4
Portugal,PRT,2003,1.44
Portugal,PRT,2002,1.46
Portugal,PRT,2001,1.45
Portugal,PRT,2000,1.55
Portugal,PRT,1999,1.5
Portugal,PRT,1998,1.47
Portugal,PRT,1997,1.47
Portugal,PRT,1996,1.44
Portugal,PRT,1995,1.41
Portugal,PRT,1994,1.45
Portugal,PRT,1993,1.52
Portugal,PRT,1992,1.54
Portugal,PRT,1991,1.56
Portugal,PRT,1990,1.56
Portugal,PRT,1989,1.57
Portugal,PRT,1988,1.61
Portugal,PRT,1987,1.62
Portugal,PRT,1986,1.66
Portugal,PRT,1985,1.72
Portugal,PRT,1984,1.9
Portugal,PRT,1983,1.95
Portugal,PRT,1982,2.07
Portugal,PRT,1981,2.13
Portugal,PRT,1980,2.25
Portugal,PRT,1979,2.31
Portugal,PRT,1978,2.45
Portugal,PRT,1977,2.69
Portugal,PRT,1976,2.82
Portugal,PRT,1975,2.75
Portugal,PRT,1974,2.7
Portugal,PRT,1973,2.77
Portugal,PRT,1972,2.86
Portugal,PRT,1971,3.0
Portugal,PRT,1970,3.01
Portugal,PRT,1969,3.12
Portugal,PRT,1968,3.12
Portugal,PRT,1967,3.16
Portugal,PRT,1966,3.16
Portugal,PRT,1965,3.15
Portugal,PRT,1964,3.21
Portugal,PRT,1963,3.12
Portugal,PRT,1962,3.23
Portugal,PRT,1961,3.21
Portugal,PRT,1960,3.16
Romania,ROU,2023,1.71
Romania,ROU,2022,1.71
Romania,ROU,2021,1.81
Romania,ROU,2020,1.8
Romania,ROU,2019,1.77
Romania,ROU,2018,1.76
Romania,ROU,2017,1.78
Romania,ROU,2016,1.69
Romania,ROU,2015,1.62
Romania,ROU,2014,1.56
Romania,ROU,2013,1.46
Romania,ROU,2012,1.52
Romania,ROU,2011,1.47
Romania,ROU,2010,1.59
Romania,ROU,2009,1.66
Romania,ROU,2008,1.6
Romania,ROU,2007,1.45
Romania,ROU,2006,1.42
Romania,ROU,2005,1.4
Romania,ROU,2004,1.33
Romania,ROU,2003,1.3
Romania,ROU,2002,1.27
Romania,ROU,2001,1.27
Romania,ROU,2000,1.31
Romania,ROU,1999,1.3
Romania,ROU,1998,1.32
Romania,ROU,1997,1.32
Romania,ROU,1996,1.3
Romania,ROU,1995,1.33
Romania,ROU,1994,1.4
Romania,ROU,1993,1.43
Romania,ROU,1992,1.51
Romania,ROU,1991,1.59
Romania,ROU,1990,1.83
Romania,ROU,1989,2.22
Romania,ROU,1988,2.3
Romania,ROU,1987,2.38
Romania,ROU,1986,2.39
Romania,ROU,1985,2.31
Romania,ROU,1984,2.26
Romania,ROU,1983,2.06
Romania,ROU,1982,2.17
Romania,ROU,1981,2.36
Romania,ROU,1980,2.43
Romania,ROU,1979,2.49
Romania,ROU,1978,2.52
Romania,ROU,1977,2.57
Romania,ROU,1976,2.54
Romania,ROU,1975,2.59
Romania,ROU,1974,2.71
Romania,ROU,1973,2.44
Romania,ROU,1972,2.55
Romania,ROU,1971,2.67
Romania,ROU,1970,2.89
Romania,ROU,1969,3.19
Romania,ROU,1968,3.63
Romania,ROU,1967,3.66
Romania,ROU,1966,1.9
Romania,ROU,1965,1.91
Romania,ROU,1964,1.96
Romania,ROU,1963,2.01
Romania,ROU,1962,2.04
Romania,ROU,1961,2.17
Romania,ROU,1960,2.34
Slovak Republic,SVK,2023,1.49
Slovak Republic,SVK,2022,1.57
Slovak Republic,SVK,2021,1.63
Slovak Republic,SVK,2020,1.59
Slovak Republic,SVK,2019,1.57
Slovak Republic,SVK,2018,1.54
Slovak Republic,SVK,2017,1.52
Slovak Republic,SVK,2016,1.48
Slovak Republic,SVK,2015,1.4
Slovak Republic,SVK,2014,1.37
Slovak Republic,SVK,2013,1.34
Slovak Republic,SVK,2012,1.34
Slovak Republic,SVK,2011,1.45
Slovak Republic,SVK,2010,1.43
Slovak Republic,SVK,2009,1.44
Slovak Republic,SVK,2008,1.34
Slovak Republic,SVK,2007,1.27
Slovak Republic,SVK,2006,1.25
Slovak Republic,SVK,2005,1.27
Slovak Republic,SVK,2004,1.25
Slovak Republic,SVK,2003,1.2
Slovak Republic,SVK,2002,1.19
Slovak Republic,SVK,2001,1.2
Slovak Republic,SVK,2000,1.3
Slovak Republic,SVK,1999,1.33
Slovak Republic,SVK,1998,1.37
Slovak Republic,SVK,1997,1.43
Slovak Republic,SVK,1996,1.47
Slovak Republic,SVK,1995,1.52
Slovak Republic,SVK,1994,1.67
Slovak Republic,SVK,1993,1.87
Slovak Republic,SVK,1992,1.93
Slovak Republic,SVK,1991,2.05
Slovak Republic,SVK,1990,2.09
Slovak Republic,SVK,1989,2.07
Slovak Republic,SVK,1988,2.13
Slovak Republic,SVK,1987,2.14
Slovak Republic,SVK,1986,2.2
Slovak Republic,SVK,1985,2.26
Slovak Republic,SVK,1984,2.26
Slovak Republic,SVK,1983,2.28
Slovak Republic,SVK,1982,2.28
Slovak Republic,SVK,1981,2.29
Slovak Republic,SVK,1980,2.32
Slovak Republic,SVK,1979,2.45
Slovak Republic,SVK,1978,2.47
Slovak Republic,SVK,1977,2.49
Slovak Republic,SVK,1976,2.55
Slovak Republic,SVK,1975,2.55
Slovak Republic,SVK,1974,2.61
Slovak Republic,SVK,1973,2.56
Slovak Republic,SVK,1972,2.49
Slovak Republic,SVK,1971,2.43
Slovak Republic,SVK,1970,2.41
Slovak Republic,SVK,1969,2.43
Slovak Republic,SVK,1968,2.39
Slovak Republic,SVK,1967,2.48
Slovak Republic,SVK,1966,2.66
Slovak Republic,SVK,1965,2.78
Slovak Republic,SVK,1964,2.89
Slovak Republic,SVK,1963,2.92
Slovak Republic,SVK,1962,2.83
Slovak Republic,SVK,1961,2.96
Slovak Republic,SVK,1960,3.04
Slovenia,SVN,2023,1.51
Slovenia,SVN,2022,1.55
Slovenia,SVN,2021,1.64
Slovenia,SVN,2020,1.59
Slovenia,SVN,2019,1.61
Slovenia,SVN,2018,1.6
Slovenia,SVN,2017,1.62
Slovenia,SVN,2016,1.58
Slovenia,SVN,2015,1.57
Slovenia,SVN,2014,1.58
Slovenia,SVN,2013,1.55
Slovenia,SVN,2012,1.58
Slovenia,SVN,2011,1.56
Slovenia,SVN,2010,1.57
Slovenia,SVN,2009,1.53
Slovenia,SVN,2008,1.53
Slovenia,SVN,2007,1.38
Slovenia,SVN,2006,1.31
Slovenia,SVN,2005,1.26
Slovenia,SVN,2004,1.25
Slovenia,SVN,2003,1.2
Slovenia,SVN,2002,1.21
Slovenia,SVN,2001,1.21
Slovenia,SVN,2000,1.26
Slovenia,SVN,1999,1.21
Slovenia,SVN,1998,1.23
Slovenia,SVN,1997,1.25
Slovenia,SVN,1996,1.28
Slovenia,SVN,1995,1.29
Slovenia,SVN,1994,1.32
Slovenia,SVN,1993,1.33
Slovenia,SVN,1992,1.33
Slovenia,SVN,1991,1.42
Slovenia,SVN,1990,1.46
Slovenia,SVN,1989,1.52
Slovenia,SVN,1988,1.63
Slovenia,SVN,1987,1.65
Slovenia,SVN,1986,1.67
Slovenia,SVN,1985,1.71
Slovenia,SVN,1984,1.74
Slovenia,SVN,1983,1.81
Slovenia,SVN,1982,1.93
Slovenia,SVN,1981,1.961
Slovenia,SVN,1980,2.11
Slovenia,SVN,1979,2.215
Slovenia,SVN,1978,2.196
Slovenia,SVN,1977,2.166
Slovenia,SVN,1976,2.201
Slovenia,SVN,1975,2.175
Slovenia,SVN,1974,2.125
Slovenia,SVN,1973,2.204
Slovenia,SVN,1972,2.165
Slovenia,SVN,1971,2.157
Slovenia,SVN,1970,2.109
Slovenia,SVN,1969,2.174
Slovenia,SVN,1968,2.253
Slovenia,SVN,1967,2.37
Slovenia,SVN,1966,2.465
Slovenia,SVN,1965,2.432
Slovenia,SVN,1964,2.305
Slovenia,SVN,1963,2.269
Slovenia,SVN,1962,2.276
Slovenia,SVN,1961,2.27
Slovenia,SVN,1960,2.185
Sweden,SWE,2023,1.45
Sweden,SWE,2022,1.53
Sweden,SWE,2021,1.67
Sweden,SWE,2020,1.67
Sweden,SWE,2019,1.71
Sweden,SWE,2018,1.76
Sweden,SWE,2017,1.78
Sweden,SWE,2016,1.85
Sweden,SWE,2015,1.85
Sweden,SWE,2014,1.88
Sweden,SWE,2013,1.89
Sweden,SWE,2012,1.91
Sweden,SWE,2011,1.9
Sweden,SWE,2010,1.98
Sweden,SWE,2009,1.94
Sweden,SWE,2008,1.91
Sweden,SWE,2007,1.88
Sweden,SWE,2006,1.85
Sweden,SWE,2005,1.77
Sweden,SWE,2004,1.75
Sweden,SWE,2003,1.71
Sweden,SWE,2002,1.65
Sweden,SWE,2001,1.57
Sweden,SWE,2000,1.54
Sweden,SWE,1999,1.5
Sweden,SWE,1998,1.5
Sweden,SWE,1997,1.52
Sweden,SWE,1996,1.6
Sweden,SWE,1995,1.73
Sweden,SWE,1994,1.88
Sweden,SWE,1993,1.99
Sweden,SWE,1992,2.09
Sweden,SWE,1991,2.11
Sweden,SWE,1990,2.13
Sweden,SWE,1989,2.01
Sweden,SWE,1988,1.96
Sweden,SWE,1987,1.84
Sweden,SWE,1986,1.8
Sweden,SWE,1985,1.74
Sweden,SWE,1984,1.66
Sweden,SWE,1983,1.61
Sweden,SWE,1982,1.62
Sweden,SWE,1981,1.63
Sweden,SWE,1980,1.68
Sweden,SWE,1979,1.66
Sweden,SWE,1978,1.6
Sweden,SWE,1977,1.64
Sweden,SWE,1976,1.68
Sweden,SWE,1975,1.77
Sweden,SWE,1974,1.87
Sweden,SWE,1973,1.87
Sweden,SWE,1972,1.91
Sweden,SWE,1971,1.96
Sweden,SWE,1970,1.92
Sweden,SWE,1969,1.93
Sweden,SWE,1968,2.07
Sweden,SWE,1967,2.28
Sweden,SWE,1966,2.37
Sweden,SWE,1965,2.39
Sweden,SWE,1964,2.47
Sweden,SWE,1963,2.33
Sweden,SWE,1962,2.25
Sweden,SWE,1961,2.21
Sweden,SWE,1960,2.17
